batch_size,learning_rate,final_val_loss,final_f1
4,0.0001,0.14057465737988784,0.8169014084507042
4,0.0005,0.056603116029332025,0.9615384615384615
8,0.0001,0.17131506911543912,0.7801418439716312
8,0.0005,0.06094230001055917,0.9281045751633987
